Workbook

Sheet Measurement
B1: Sample Measurement Record
B2: Mano Engineering LLC | O2: Part # | P2: 121013
B3: No. | C3: A | D3: B | E3: C | F3: D | G3: E | H3: F | I3: G | J3: H | K3: I | L3: J | M3: K | N3: L | O3: M | P3: N
B4: 1 | C4: 36.125 | D4: 36.125 | E4: 1.3875 | F4: 1.5015 | G4: 1.5075 | H4: 0.263
B5: 2 | C5: 36.125 | D5: 36.125 | E5: 1.401 | F5: 1.5045 | G5: 1.5085 | H5: 0.272
B6: 3 | C6: 36.125 | D6: 36.125 | E6: 1.449 | F6: 1.5055 | G6: 1.515 | H6: 0.2745
B7: 4
B8: 5

Sheet FAR-v
A1: Sample Measurement Record
A2: Mano Engineering LLC | I2: Part Name
A3: 2512 Northland Drive, Mendota Heights, MN 55120 | K3: Part #
L4: Unit
A6: FAI | B6: Type | C6: Nominal | D6: + Tolerance | E6: - Tolerance | F6: High Limit | G6: Low Limit | H6: Method | I6: Sample 1 | J6: Sample 2 | K6: Sample 3 | L6: Sample 4 | M6: Sample 5
A7: A | F7: =C7+D7 -> 0 | G7: =C7-E7 -> 0 | I7: =Measurement!C4 -> 36.125 | J7: =Measurement!C5 -> 36.125 | K7: =Measurement!C6 -> 36.125 | L7: =Measurement!C7 -> 0 | M7: =Measurement!C8 -> 0
A8: B | F8: =C8+D8 -> 0 | G8: =C8-E8 -> 0 | I8: =Measurement!D4 -> 36.125 | J8: =Measurement!D5 -> 36.125 | K8: =Measurement!D6 -> 36.125 | L8: =Measurement!D7 -> 0 | M8: =Measurement!D8 -> 0
A9: C | F9: =C9+D9 -> 0 | G9: =C9-E9 -> 0 | I9: =Measurement!E4 -> 1.3875 | J9: =Measurement!E5 -> 1.401 | K9: =Measurement!E6 -> 1.449 | L9: =Measurement!E7 -> 0 | M9: =Measurement!E8 -> 0
A10: D | F10: =C10+D10 -> 0 | G10: =C10-E10 -> 0 | I10: =Measurement!F4 -> 1.5015 | J10: =Measurement!F5 -> 1.5045 | K10: =Measurement!F6 -> 1.5055 | L10: =Measurement!F7 -> 0 | M10: =Measurement!F8 -> 0
A11: E | F11: =C11+D11 -> 0 | G11: =C11-E11 -> 0 | I11: =Measurement!G4 -> 1.5075 | J11: =Measurement!G5 -> 1.5085 | K11: =Measurement!G6 -> 1.515 | L11: =Measurement!G7 -> 0 | M11: =Measurement!G8 -> 0
A12: F | F12: =C12+D12 -> 0 | G12: =C12-E12 -> 0 | I12: =Measurement!H4 -> 0.263 | J12: =Measurement!H5 -> 0.272 | K12: =Measurement!H6 -> 0.2745 | L12: =Measurement!H7 -> 0 | M12: =Measurement!H8 -> 0
A13: G | F13: =C13+D13 -> 0 | G13: =C13-E13 -> 0 | I13: =Measurement!I4 -> 0 | J13: =Measurement!I5 -> 0 | K13: =Measurement!I6 -> 0 | L13: =Measurement!I7 -> 0 | M13: =Measurement!I8 -> 0
A14: H | F14: =C14+D14 -> 0 | G14: =C14-E14 -> 0 | I14: =Measurement!J4 -> 0 | J14: =Measurement!J5 -> 0 | K14: =Measurement!J6 -> 0 | L14: =Measurement!J7 -> 0 | M14: =Measurement!J8 -> 0
A15: I | F15: =C15+D15 -> 0 | G15: =C15-E15 -> 0 | I15: =Measurement!K4 -> 0 | J15: =Measurement!K5 -> 0 | K15: =Measurement!K6 -> 0 | L15: =Measurement!K7 -> 0 | M15: =Measurement!K8 -> 0
A16: J | F16: =C16+D16 -> 0 | G16: =C16-E16 -> 0 | I16: =Measurement!L4 -> 0 | J16: =Measurement!L5 -> 0 | K16: =Measurement!L6 -> 0 | L16: =Measurement!L7 -> 0 | M16: =Measurement!L8 -> 0
A17: K | F17: =C17+D17 -> 0 | G17: =C17-E17 -> 0 | I17: =Measurement!M4 -> 0 | J17: =Measurement!M5 -> 0 | K17: =Measurement!M6 -> 0 | L17: =Measurement!M7 -> 0 | M17: =Measurement!M8 -> 0
A18: L | F18: =C18+D18 -> 0 | G18: =C18-E18 -> 0 | I18: =Measurement!N4 -> 0 | J18: =Measurement!N5 -> 0 | K18: =Measurement!N6 -> 0 | L18: =Measurement!N7 -> 0 | M18: =Measurement!N8 -> 0
A19: M | F19: =C19+D19 -> 0 | G19: =C19-E19 -> 0 | I19: =Measurement!O4 -> 0 | J19: =Measurement!O5 -> 0 | K19: =Measurement!O6 -> 0 | L19: =Measurement!O7 -> 0 | M19: =Measurement!O8 -> 0
A20: N | F20: =C20+D20 -> 0 | G20: =C20-E20 -> 0 | I20: =Measurement!P4 -> 0 | J20: =Measurement!P5 -> 0 | K20: =Measurement!P6 -> 0 | L20: =Measurement!P7 -> 0 | M20: =Measurement!P8 -> 0

Sheet FAR
A1: Sample Measurement Record
A2: Mano Engineering LLC | I2: Unit | K2: Part Name
A3: 2512 Northland Drive, Mendota Heights, MN 55120 | K3: Part #
K4: PO #
A6: FAI | B6: Type | C6: Nominal | D6: + Tolerance | E6: - Tolerance | F6: High Limit | G6: Low Limit | H6: Method | I6: Sample 1 | J6: Sample 2 | K6: Sample 3 | L6: Sample 4 | M6: Sample 5
A7: A | F7: 0 | G7: 0 | I7: =Measurement!C4 -> 36.125 | J7: =Measurement!C5 -> 36.125 | K7: =Measurement!C6 -> 36.125 | L7: =Measurement!C7 -> 0 | M7: =Measurement!C8 -> 0
A8: B | F8: 0 | G8: 0 | I8: =Measurement!D4 -> 36.125 | J8: =Measurement!D5 -> 36.125 | K8: =Measurement!D6 -> 36.125 | L8: =Measurement!D7 -> 0 | M8: =Measurement!D8 -> 0
A9: C | F9: 0 | G9: 0 | I9: =Measurement!E4 -> 1.3875 | J9: =Measurement!E5 -> 1.401 | K9: =Measurement!E6 -> 1.449 | L9: =Measurement!E7 -> 0 | M9: =Measurement!E8 -> 0
A10: D | F10: 0 | G10: 0 | I10: =Measurement!F4 -> 1.5015 | J10: =Measurement!F5 -> 1.5045 | K10: =Measurement!F6 -> 1.5055 | L10: =Measurement!F7 -> 0 | M10: =Measurement!F8 -> 0
A11: E | F11: 0 | G11: 0 | I11: =Measurement!G4 -> 1.5075 | J11: =Measurement!G5 -> 1.5085 | K11: =Measurement!G6 -> 1.515 | L11: =Measurement!G7 -> 0 | M11: =Measurement!G8 -> 0
A12: F | F12: 0 | G12: 0 | I12: =Measurement!H4 -> 0.263 | J12: =Measurement!H5 -> 0.272 | K12: =Measurement!H6 -> 0.2745 | L12: =Measurement!H7 -> 0 | M12: =Measurement!H8 -> 0
A13: G | F13: 0 | G13: 0 | I13: =Measurement!I4 -> 0 | J13: =Measurement!I5 -> 0 | K13: =Measurement!I6 -> 0 | L13: =Measurement!I7 -> 0 | M13: =Measurement!I8 -> 0
A14: H | F14: 0 | G14: 0 | I14: =Measurement!J4 -> 0 | J14: =Measurement!J5 -> 0 | K14: =Measurement!J6 -> 0 | L14: =Measurement!J7 -> 0 | M14: =Measurement!J8 -> 0
A15: I | F15: 0 | G15: 0 | I15: =Measurement!K4 -> 0 | J15: =Measurement!K5 -> 0 | K15: =Measurement!K6 -> 0 | L15: =Measurement!K7 -> 0 | M15: =Measurement!K8 -> 0
A16: J | F16: 0 | G16: 0 | I16: =Measurement!L4 -> 0 | J16: =Measurement!L5 -> 0 | K16: =Measurement!L6 -> 0 | L16: =Measurement!L7 -> 0 | M16: =Measurement!L8 -> 0
A17: K | F17: 0 | G17: 0 | I17: =Measurement!M4 -> 0 | J17: =Measurement!M5 -> 0 | K17: =Measurement!M6 -> 0 | L17: =Measurement!M7 -> 0 | M17: =Measurement!M8 -> 0
A18: L | F18: 0 | G18: 0 | I18: =Measurement!N4 -> 0 | J18: =Measurement!N5 -> 0 | K18: =Measurement!N6 -> 0 | L18: =Measurement!N7 -> 0 | M18: =Measurement!N8 -> 0
A19: M | F19: 0 | G19: 0 | I19: =Measurement!O4 -> 0 | J19: =Measurement!O5 -> 0 | K19: =Measurement!O6 -> 0 | L19: =Measurement!O7 -> 0 | M19: =Measurement!O8 -> 0
A20: N | F20: 0 | G20: 0 | I20: =Measurement!P4 -> 0 | J20: =Measurement!P5 -> 0 | K20: =Measurement!P6 -> 0 | L20: =Measurement!P7 -> 0 | M20: =Measurement!P8 -> 0
A21: O
A22: P

Sheet Source
B1: Type Source | C1: Method Source | D1: Unit Source
B2: Length | C2: VMM | D2: Inch
B3: Diameter | C3: CMM / ULM | D3: MM
B4: Radius
B5: Thinkness
