Workbook

Sheet Measurement
B1: Sample Measurement Record
B2: Mano Engineering LLC | P2: Part # 328-0196-000
B3: No. | C3: A | D3: B | E3: C | F3: D | G3: E | H3: F | I3: G | J3: H | K3: I | L3: J | M3: K | N3: L | O3: M | P3: N
B4: 1 | C4: 0.039 | D4: 0.077 | E4: 0.059 | F4: 0.097 | G4: 0.022 | H4: 0.037 | I4: 0.069 | J4: 0.102 | K4: 0.123 | L4: 0.173 | M4: 0.015 | N4: 0.022
B5: 2 | C5: 0.038 | D5: 0.078 | E5: 0.059 | F5: 0.097 | G5: 0.022 | H5: 0.038 | I5: 0.07 | J5: 0.101 | K5: 0.122 | L5: 0.172 | M5: 0.016 | N5: 0.021
B6: 3 | C6: 0.038 | D6: 0.077 | E6: 0.059 | F6: 0.097 | G6: 0.021 | H6: 0.038 | I6: 0.07 | J6: 0.101 | K6: 0.122 | L6: 0.172 | M6: 0.015 | N6: 0.021
B7: 4 | C7: 0.038 | D7: 0.077 | E7: 0.059 | F7: 0.097 | G7: 0.022 | H7: 0.038 | I7: 0.07 | J7: 0.101 | K7: 0.122 | L7: 0.171 | M7: 0.015 | N7: 0.021
B8: 5 | C8: 0.038 | D8: 0.078 | E8: 0.059 | F8: 0.097 | G8: 0.022 | H8: 0.038 | I8: 0.069 | J8: 0.101 | K8: 0.123 | L8: 0.173 | M8: 0.015 | N8: 0.022

Sheet FAR
A1: Sample Measurement Record
A2: Mano Engineering LLC | I2: Unit | K2: Part Name
A3: 2512 Northland Drive, Mendota Heights, MN 55120 | K3: Part #
K4: PO #
A6: FAI | B6: Type | C6: Nominal | D6: + Tolerance | E6: - Tolerance | F6: High Limit | G6: Low Limit | H6: Method | I6: Sample 1 | J6: Sample 2 | K6: Sample 3 | L6: Sample 4 | M6: Sample 5
A7: A | F7: 0.14 | G7: 0.12 | I7: =Measurement!C4 -> 0.039 | J7: =Measurement!C5 -> 0.038 | K7: =Measurement!C6 -> 0.038 | L7: =Measurement!C7 -> 0.038 | M7: =Measurement!C8 -> 0.038
A8: B | I8: =Measurement!D4 -> 0.077 | J8: =Measurement!D5 -> 0.078 | K8: =Measurement!D6 -> 0.077 | L8: =Measurement!D7 -> 0.077 | M8: =Measurement!D8 -> 0.078
A9: C | I9: =Measurement!E4 -> 0.059 | J9: =Measurement!E5 -> 0.059 | K9: =Measurement!E6 -> 0.059 | L9: =Measurement!E7 -> 0.059 | M9: =Measurement!E8 -> 0.059
A10: D | I10: =Measurement!F4 -> 0.097 | J10: =Measurement!F5 -> 0.097 | K10: =Measurement!F6 -> 0.097 | L10: =Measurement!F7 -> 0.097 | M10: =Measurement!F8 -> 0.097
A11: E | I11: =Measurement!G4 -> 0.022 | J11: =Measurement!G5 -> 0.022 | K11: =Measurement!G6 -> 0.021 | L11: =Measurement!G7 -> 0.022 | M11: =Measurement!G8 -> 0.022
A12: F | I12: =Measurement!H4 -> 0.037 | J12: =Measurement!H5 -> 0.038 | K12: =Measurement!H6 -> 0.038 | L12: =Measurement!H7 -> 0.038 | M12: =Measurement!H8 -> 0.038
A13: G | I13: =Measurement!I4 -> 0.069 | J13: =Measurement!I5 -> 0.07 | K13: =Measurement!I6 -> 0.07 | L13: =Measurement!I7 -> 0.07 | M13: =Measurement!I8 -> 0.069
A14: H | I14: =Measurement!J4 -> 0.102 | J14: =Measurement!J5 -> 0.101 | K14: =Measurement!J6 -> 0.101 | L14: =Measurement!J7 -> 0.101 | M14: =Measurement!J8 -> 0.101
A15: I | I15: =Measurement!K4 -> 0.123 | J15: =Measurement!K5 -> 0.122 | K15: =Measurement!K6 -> 0.122 | L15: =Measurement!K7 -> 0.122 | M15: =Measurement!K8 -> 0.123
A16: J | I16: =Measurement!L4 -> 0.173 | J16: =Measurement!L5 -> 0.172 | K16: =Measurement!L6 -> 0.172 | L16: =Measurement!L7 -> 0.171 | M16: =Measurement!L8 -> 0.173
A17: K | I17: =Measurement!M4 -> 0.015 | J17: =Measurement!M5 -> 0.016 | K17: =Measurement!M6 -> 0.015 | L17: =Measurement!M7 -> 0.015 | M17: =Measurement!M8 -> 0.015
A18: L | I18: =Measurement!N4 -> 0.022 | J18: =Measurement!N5 -> 0.021 | K18: =Measurement!N6 -> 0.021 | L18: =Measurement!N7 -> 0.021 | M18: =Measurement!N8 -> 0.022
A19: M | I19: =Measurement!O4 -> 0 | J19: =Measurement!O5 -> 0 | K19: =Measurement!O6 -> 0 | L19: =Measurement!O7 -> 0 | M19: =Measurement!O8 -> 0
A20: N | I20: =Measurement!P4 -> 0 | J20: =Measurement!P5 -> 0 | K20: =Measurement!P6 -> 0 | L20: =Measurement!P7 -> 0 | M20: =Measurement!P8 -> 0
A21: O
A22: P

Sheet FAR-v
A1: Sample Measurement Record
A2: Mano Engineering LLC | J2: Part Name | K2: Terra Shim #5
A3: 2512 Northland Drive, Mendota Heights, MN 55120 | J3: Part # | K3: 10011
J4: Unit | K4: Inch
A6: FAI | B6: Type | C6: Nominal | D6: + Tolerance | E6: - Tolerance | F6: High Limit | G6: Low Limit | H6: Method | I6: Sample 1 | J6: Sample 2 | K6: Sample 3 | L6: Sample 4 | M6: Sample 5
A7: A | B7: Length | C7: 0.13 | D7: 0.01 | E7: 0.01 | F7: =C7+D7 -> 0.14 | G7: =C7-E7 -> 0.12 | H7: VMM | I7: =Measurement!C4 -> 0.039 | J7: =Measurement!C5 -> 0.038 | K7: =Measurement!C6 -> 0.038 | L7: =Measurement!C7 -> 0.038 | M7: =Measurement!C8 -> 0.038
A8: B | B8: Length | C8: 2.5 | D8: 0.01 | E8: 0.01 | F8: =C8+D8 -> 2.51 | G8: =C8-E8 -> 2.49 | H8: VMM | I8: =Measurement!D4 -> 0.077 | J8: =Measurement!D5 -> 0.078 | K8: =Measurement!D6 -> 0.077 | L8: =Measurement!D7 -> 0.077 | M8: =Measurement!D8 -> 0.078
A9: C | B9: Length | C9: 2.5 | D9: 0.01 | E9: 0.01 | F9: =C9+D9 -> 2.51 | G9: =C9-E9 -> 2.49 | H9: VMM | I9: =Measurement!E4 -> 0.059 | J9: =Measurement!E5 -> 0.059 | K9: =Measurement!E6 -> 0.059 | L9: =Measurement!E7 -> 0.059 | M9: =Measurement!E8 -> 0.059
A10: D | B10: Length | C10: 0.13 | D10: 0.01 | E10: 0.01 | F10: =C10+D10 -> 0.14 | G10: =C10-E10 -> 0.12 | H10: VMM | I10: =Measurement!F4 -> 0.097 | J10: =Measurement!F5 -> 0.097 | K10: =Measurement!F6 -> 0.097 | L10: =Measurement!F7 -> 0.097 | M10: =Measurement!F8 -> 0.097
A11: E | B11: Length | C11: 5 | D11: 0.01 | E11: 0.01 | F11: =C11+D11 -> 5.01 | G11: =C11-E11 -> 4.99 | H11: VMM | I11: =Measurement!G4 -> 0.022 | J11: =Measurement!G5 -> 0.022 | K11: =Measurement!G6 -> 0.021 | L11: =Measurement!G7 -> 0.022 | M11: =Measurement!G8 -> 0.022
A12: F | B12: Length | C12: 5 | D12: 0.01 | E12: 0.01 | F12: =C12+D12 -> 5.01 | G12: =C12-E12 -> 4.99 | H12: VMM | I12: =Measurement!H4 -> 0.037 | J12: =Measurement!H5 -> 0.038 | K12: =Measurement!H6 -> 0.038 | L12: =Measurement!H7 -> 0.038 | M12: =Measurement!H8 -> 0.038
A13: G | B13: Diameter | C13: 2.5 | D13: 0.01 | E13: 0.01 | F13: =C13+D13 -> 2.51 | G13: =C13-E13 -> 2.49 | H13: VMM | I13: =Measurement!I4 -> 0.069 | J13: =Measurement!I5 -> 0.07 | K13: =Measurement!I6 -> 0.07 | L13: =Measurement!I7 -> 0.07 | M13: =Measurement!I8 -> 0.069
A14: H | B14: Radius | C14: 1 | D14: 0.01 | E14: 0.01 | F14: =C14+D14 -> 1.01 | G14: =C14-E14 -> 0.99 | H14: VMM | I14: =Measurement!J4 -> 0.102 | J14: =Measurement!J5 -> 0.101 | K14: =Measurement!J6 -> 0.101 | L14: =Measurement!J7 -> 0.101 | M14: =Measurement!J8 -> 0.101
A15: I | B15: Radius | C15: 1 | D15: 0.01 | E15: 0.01 | F15: =C15+D15 -> 1.01 | G15: =C15-E15 -> 0.99 | H15: VMM | I15: =Measurement!K4 -> 0.123 | J15: =Measurement!K5 -> 0.122 | K15: =Measurement!K6 -> 0.122 | L15: =Measurement!K7 -> 0.122 | M15: =Measurement!K8 -> 0.123
A16: J | B16: Radius | C16: 1 | D16: 0.01 | E16: 0.01 | F16: =C16+D16 -> 1.01 | G16: =C16-E16 -> 0.99 | H16: VMM | I16: =Measurement!L4 -> 0.173 | J16: =Measurement!L5 -> 0.172 | K16: =Measurement!L6 -> 0.172 | L16: =Measurement!L7 -> 0.171 | M16: =Measurement!L8 -> 0.173
A17: K | B17: Radius | C17: 1 | D17: 0.01 | E17: 0.01 | F17: =C17+D17 -> 1.01 | G17: =C17-E17 -> 0.99 | H17: VMM | I17: =Measurement!M4 -> 0.015 | J17: =Measurement!M5 -> 0.016 | K17: =Measurement!M6 -> 0.015 | L17: =Measurement!M7 -> 0.015 | M17: =Measurement!M8 -> 0.015
A18: L | B18: Thinkness | C18: 0.125 | D18: 0.005 | E18: 0.005 | F18: =C18+D18 -> 0.13 | G18: =C18-E18 -> 0.12 | H18: CMM / ULM | I18: =Measurement!N4 -> 0.022 | J18: =Measurement!N5 -> 0.021 | K18: =Measurement!N6 -> 0.021 | L18: =Measurement!N7 -> 0.021 | M18: =Measurement!N8 -> 0.022
A19: M | B19: Length | C19: 0.063 | D19: 0.005 | E19: 0.005 | F19: =C19+D19 -> 0.068 | G19: =C19-E19 -> 0.058 | H19: VMM | I19: =Measurement!O4 -> 0 | J19: =Measurement!O5 -> 0 | K19: =Measurement!O6 -> 0 | L19: =Measurement!O7 -> 0 | M19: =Measurement!O8 -> 0
A20: N | B20: Length | C20: 0.125 | D20: 0.005 | E20: 0.005 | F20: =C20+D20 -> 0.13 | G20: =C20-E20 -> 0.12 | H20: VMM | I20: =Measurement!P4 -> 0 | J20: =Measurement!P5 -> 0 | K20: =Measurement!P6 -> 0 | L20: =Measurement!P7 -> 0 | M20: =Measurement!P8 -> 0

Sheet Source
B1: Type Source | C1: Method Source | D1: Unit Source
B2: Length | C2: VMM | D2: Inch
B3: Diameter | C3: CMM / ULM | D3: MM
B4: Radius
B5: Thinkness
